{
  "hash": "0119adc0",
  "configHash": "6cc95928",
  "lockfileHash": "8646a1d0",
  "browserHash": "b57ddc4e",
  "optimized": {
    "@angular/common": {
      "src": "../../../../../node_modules/@angular/common/fesm2022/common.mjs",
      "file": "@angular_common.js",
      "fileHash": "c86f9db6",
      "needsInterop": false
    },
    "@angular/common/http": {
      "src": "../../../../../node_modules/@angular/common/fesm2022/http.mjs",
      "file": "@angular_common_http.js",
      "fileHash": "5e34a6b5",
      "needsInterop": false
    },
    "@angular/core": {
      "src": "../../../../../node_modules/@angular/core/fesm2022/core.mjs",
      "file": "@angular_core.js",
      "fileHash": "16baa127",
      "needsInterop": false
    },
    "@angular/forms": {
      "src": "../../../../../node_modules/@angular/forms/fesm2022/forms.mjs",
      "file": "@angular_forms.js",
      "fileHash": "1ccf1acf",
      "needsInterop": false
    },
    "@angular/platform-browser": {
      "src": "../../../../../node_modules/@angular/platform-browser/fesm2022/platform-browser.mjs",
      "file": "@angular_platform-browser.js",
      "fileHash": "bd9e2442",
      "needsInterop": false
    },
    "@angular/router": {
      "src": "../../../../../node_modules/@angular/router/fesm2022/router.mjs",
      "file": "@angular_router.js",
      "fileHash": "c35cc451",
      "needsInterop": false
    },
    "rxjs": {
      "src": "../../../../../node_modules/rxjs/dist/esm5/index.js",
      "file": "rxjs.js",
      "fileHash": "2c1438e4",
      "needsInterop": false
    }
  },
  "chunks": {
    "chunk-UHXFCMGA": {
      "file": "chunk-UHXFCMGA.js"
    },
    "chunk-OXZZUK4X": {
      "file": "chunk-OXZZUK4X.js"
    },
    "chunk-ISOSFC42": {
      "file": "chunk-ISOSFC42.js"
    },
    "chunk-W3EUJSHM": {
      "file": "chunk-W3EUJSHM.js"
    },
    "chunk-SXIXOCJ4": {
      "file": "chunk-SXIXOCJ4.js"
    }
  }
}